Korean,English
가게,"a store, a shop"
가구점,a furniture store
가까이,"closely, close together"
가꾸다,to grow or cultivate
가끔,"once in a while, sometimes"
가난,poverty
가난하다,to be poor
가능,possibility
가능성,"possibility, likelihood"
가능하다,to be possible
가다,to go
가득,all filled
가득히,"full, up to the brim"
가령,"for example, supposing or admitting"
가로,width
가로등,a street lamp
가로수,roadside tree
가리키다,"to point, to indicate"
가만,as it is
가만있다,to remain still or motionless
가만히,calmly
가볍다,to be light-weight
가운데,"the middle, center"
가을,"fall, autumn"
가입하다,"to join, to become a member of"
가자미,a flounder fish
가정,"a home, a family, a house-hold."
가정교사,"private teacher, tutor"
가져다주다,to bring
가족,a family
가죽,leather
가지,"a kind, type"
가지,eggplant
가치,"value, worth, merit"
각각,"respectively, each"
각오,"resolution, determination"
각종,"all sorts, a variety"
간,a liver
간단,simple
간단하다,to be simple
간부,executive member
간접적,indirectness
간편하다,to be convenient and simple
갈다,"to grate, sharpen"
갈등,"conflict, disagreement"
갈매기,seagull
갈색,brown
감각,"a sense, sense (of)"
감다,to wash hair
감독,"a (movie) director, a supervisor"
감동적,"moving, touching"
감상,"appreciation, enjoyment"
감소,"decrease, diminution"
감소되다,"to be reduced, diminished"
감자,a potato
감정,emotions
감정적,emotional
감추다,"to hide, conceal"
갑,mw. for packs of cigarettes
갑자기,suddenly
갔다 오다,To go and come back
강,a river
강당,"lecture hall, Buddhist sanctum"
강도,"robber, burglar"
강력하다,"to be strong, powerful"
강북,north of the river
강사,"a lecturer, instructor"
강수량,(amount of) precipitation
강의하다,to give a lecture
강조,emphasis
강조하다,to emphasize
강하다,"to be robust, strong"
강화하다,to strengthen
갖추다,to be equipped with
같다,to be similar
개개인,"each single person,individuals"
개나리,forsythia (flower)
개다,to fold up sth
개다,to clear up (weather)
개미,ant
개발하다,"to develop, to create"
개방,opening
개방되다,to be opened up
개선,"improvement, betterment"
개성,"individuality, personality"
개인,"an individual, a person"
거대하다,"to be huge, gigantic, enormous"
거두다,"to harvest, gain, obtain"
거들다,"to chip in, help"
거리,a street
거미,spider
거부하다,"to reject, deny"
거실,a living room
거울,mirror
거의,"nearly, almost"
거짓말쟁이,liar
거치다,"to pass through, experience"
거품,bubbles
걱정,"worry, concern, anxiety"
걱정되다,to become worried
걱정스럽다,to be worrisome
건강,health
건너오다,to come crossing over
건너편,"other side, opposite side"
건네다,to hand over a note or bribe
건설,construction
건조하다,to be arid
건조한,dry
건축가,architect
건축학,architecture (major)
건포도,raisin
걸다,to hang
걸어다니다,to walk around regularly
걸음,"walking, stepping, step, pace"
걸치다,"to extend, spread over"
검다,"to be dark, black"
검사,a prosecutor
검사,"an examination, an inspection"
겁나다,"to be frightened, scared"
겉,the surface; the outside; appearance
게다가,in addition
게시판,"a notice board, bulletin board"
게으르게,lazily
게으르다,To be lazy
겨우,"barely, narrowly"
겨울,winter
겨자,mustard
겪다,to undergo or experience
견디다,"to endure, bear, withstand"
견해,"opinion, view"
결과,"result, outcome"
결국,"in the end, finally"
결론,conclusion
결석,absence
결석하다,to be absent
결정,decision
결정되다,to be decided
결정하다,to decide
결코,"never, by no means"
결후,Adam’s apple
겸상,a table for two
경고하다,to warn
경기,"a competitive match, competition"
경비,"defense, guards"
경영,management
경영하다,"to manage, administer"
경영학,business management (major)
경우,"occasion, time, event"
경쟁,rivalry
경제력,financial capabilities
경제학,economics (major)
경찰관,police officer
경찰서,a police station
경향,"trend, tendency"
경험,an experience
경험하다,to experience
계속하다,to continue sth.
계시다,"to exist, stay (honorific)"
계절,seasons
계층,a social class
계획표,a schedule
계획하다,to plan
고개,the back of the neck
고개,a ridge (hill)
고구마,sweet potato
고궁,an ancient palace
고급스럽다,to be high class
고기,meat
고등학교,high school
고등학생,high school student
고래,whale
고려하다,to consider
고르다,"to choose, to select"
고만고만하다,to be almost the same
고모부,Father's sister's husband
고무신,rubber shoes
고생,difficulties
고소하다,"to sue, bring a suit against"
고속도로,highway
고속버스,Express bus
고열,a high fever
고온,a high temperature
고요하다,"to be silent, calm, peaceful, tranquil, soft"
고집,stubbornness
고추가루,red-pepper powder
고추장,Red pepper paste
고치다,"to repair, to fix"
고통,anguish
고향,one's hometown
곧,"right away, soon, immediately"
곧다,"to be straight, upright, honest"
골목길,alley
골치,"nuisance, headache, bother"
곱다,"to be warm, pleasant"
공간,a physical space
공개,"public, open"
공격,an attack
공경,respect
공군,air force
공급,"supply, provision"
공기,"the air, the atmosphere"
공동,public
공무원,"a public servant, government employee"
공부하다,to study
공식적,official
공업,"manufacturing industry, industrial work"
공연,a public performance
공연하다,to do a performance
공연히,"needlessly, without reason"
공익,a common good
공장,factory
공주,princess
공중전화,"a payphone, a public phone"
공통,commonness
공통적,common
공통점,"common point, similarity"
공포,horror
공학,engineering
공항,an airport
공항터미널,air terminal
공휴일,a public holiday
과거,the past
과목,academic subjects
과연,"truly, really"
과외,"private tutoring, extracurricular work"
과정,a process
과정,curriculum
과제,"a task, assignment"
과학자,scientist
관객,audience
관계,"connection, relation"
관계없이,regardless
관계자,the interested or affected parties
관광지,tourist spot
관념,notion
관람,"watching (sports), viewing"
관람객,spectator
관련,"relation, connection"
관련되다,to be involved with/related
관련하다,"to be related, connected to"
관리,"administration, management"
관심사,"a matter of concern, interest"
관절,a bodily joint
관점,a point of view
관찰하다,"to observe, to watch"
관하다,"to refer to, to be about"
광고주,advertiser
괜히,"in vain, uselessly"
괴다,"to prop, support"
괴로워하다,to be worried
괴물,monster
굉장히,greatly
교내,campus
교복,school uniform
교수님,professor
교시,school period
교육자,educator
교육학,education (major)
교장,a school principal
교재,teaching materials (textbooks)
교차,an intersection
교통,"traffic, transportation"
교향곡,symphony
구두 시험,oral test
구별되다,to be distinguished
구분되다,to become classified into sections
구성,somethings composition
구성되다,to be organized
구성하다,to form or organize
구속,restraint
구월,September
구입,a purchase
구조,"structure, construction"
구청,district office
구체적,"specific/concrete, definite"
구하다,"to seek (homes, jobs, etc)"
국,soup
국가,"state, nation"
국기,national flag
국내외,inside and outside of the country
국립공원,national park
국민적,national
국사,Korean history
국수,noodles
국적,nationality
국제선,international flight
국회,the national assembly
군데,place
굳히다,"to harden, congeal, to make hard"
굴,oyster
굵다,to be thick (in diameter)
굽다,"broil, roast or bake, burn"
궁금하다,to be curious
궁지,palace
권위,"authority, power"
권투,boxing
귀가,"the return home, come home"
귀가하다,to return home
귀국,return to one's country
귀마개,earmuffs
귀성길,the return home for the holidays
귀신,ghost
귀찮다,"to be annoyed, troublesome, tiresome"
귓속,inner ear
규모,"scale, scope"
규정,"rules, regulations"
규칙,"law, rule, regulations"
균형,balance
귤,tangerine
그간,meanwhile
그냥,just
그대로,as it is; as it stands; thus
그때그때,each time
그러나,but
그러니까,therefore
그러므로,"so, therefore, accordingly, thus"
그러하다,to be like that
그럴듯하다,"to be decent, to be plausible,"
그렇지만,"nevertheless, however, but"
그루,mw. for trees and rice plants
그리다,"to draw, to paint"
그리움,"nostalgia, yearning"
그리워하다,to miss
그리하여,so
그림자,"a shadow, silhouette"
그만두다,"to stop, to cease, to drop, to quit"
그만큼,to that extent
그사이,meantime
그저,"just, only"
그저께,the day before yesterday
그전,former days
그제,the day before yesterday
그제야,only then
그중,among them
그치다,"to stop, to cease"
극복하다,"to conquer, subjugate"
극장,movie theater
극히,quite
근거,a basis (for an argument)
근교,"suburbs, outskirts"
근로자,laborer
근본적,"essentially, fundamental"
근육,muscle
글자,"letter, written character"
금고,"a safe, strong box"
금년,this year
금색,gold
금요일,Friday
금지되다,to be prohibited
금하다,to prohibit
급격히,rapidly
급속히,promptly
급증하다,to rapidly increase
기간,"period, duration"
기계,"a machine, instrument"
기계 공학,mechanical engineering (major)
기관,organization
기념품,souvenir
기념하다,to commemorate
기능,"technical skill, ability, function"
기다,to crawl
기대,expectation
기대하다,to anticipate
기도,prayer
기도하다,to pray
기록,a record or document
기록하다,"to record, write down"
기르다,"to grow, raise (animals, crops, hair)"
기린,a giraffe
기막히다,"stifle, stunned, miserable, striking"
기말 시험,a final exam
기본,rudiments
기본적,basically
기쁘다,"to be glad, to be happy"
기쁨,"pleasure, joy"
기상,weather conditions
기성,preexisting
기성세대,the older generation
기술,"technology, art, skill, technique"
기술하다,"to describe, outline"
기억나다,to remember
기억되다,to come to one's recollection.
기억하다,to remember
기업,"company, enterprise, an undertaking, business"
기업인,"a businessman, entrepreneur"
기여,"a contribution, services"
기온,Temperature
기울다,to lean/slant/incline
기적,a miracle
기준,"standard, criteria"
기차역,Train station
기초,"basics, fundamentals"
기초적,basic
기호,"a liking, preference"
기혼,married person
기회,"an opportunity, a chance"
기후,climate
긴장감,"suspense, feeling of tension"
긴장되다,to become tense
길 모르다,to not know the way
길 잃다,to be lost
길이,length
깊다,to be deep/profound
깊숙이,deeply
깊이,depth
까다,"to peel, hatch"
까닭,"cause, reason"
까먹다,to forget
까치,magpie
깍두기,cubed radish kimchi
깎다,to shave
깔끔하다,"To be neat, tidy"
깜빡,"completely, absent-mindedly"
깜빡,"a blink, flash"
깡패,"gangster, hoodlum"
깨,sesame
깨닫다,to realize
깨뜨리다,"to break, smash"
깨소금,sesame salt
깨어지다,To be broken
꺼내다,"to take out, remove"
껌,chewing gum
께서,"from, hon. subj. marker"
꼬리,tail
꼭,"without fail, for sure"
꼴,"look, state, sight"
꼼꼼하다,to be meticulous (positive implication)
꽃집,a flower shop
꽉,"firmly, tightly"
꽤,"quite, rather"
꾸리다,"to pack up, bundle"
꾸미다,"to adorn, decorate"
꾸준하다,to be steady
꾸중,a scolding
꿈속,in one's dream
끄다,to turn off
끄덕이다,"to nod, nod approval"
끊다,to quit (a habit)
끊임없이,endlessly
끌다,to drag
끌리다,to be attracted
끌어당기다,to tug
끓이다,"to boil, heat (i.e. a soup, a broth)"
끝내다,to finish
끼다,"to cloud up, to fog up"
끼다,to wear (rings or eye glasses)
끼어들다,to interrupt
나들이,an outing
나름,depending on
나머지,"surplus, remainder"
나서다,"to step forward, turn up, to meddle in"
나이,age
나타나다,to appear
나타내다,"to express, to show, to symbolize/stand for (sth)"
나흘,a four day period
낙타,a camel
낚시꾼,"fishermen, angler"
낚싯대,fishing rod
난리,"a fuss, panic, mess, war"
난방,heating system
날개,wing
날다,to fly
날마다,daily
낡다,"to be old, antiquated, out of date"
남기다,to leave a message or food
남다,to be remaining
남북,north and south
남쪽,south
납득하다,"to accept, understand"
낫다,"to be better, preferable"
낭비,waste
낮,"daytime, daylight"
낮다,to be low
낮아지다,to get lower
낯선,unfamiliar
낯선 사람,a stranger
낯설다,To be unfamiliar
낳다,"to produce, give birth"
내년,next year
내놓다,to put up a house for sale
내다,"to turn in, hand in"
내려놓다,to put down
내려오다,to come down
내밀다,"to stick out, to stretch out"
내보내다,to send out or emit something
내부,the interior
내성적이다,"to be introverted, reserved"
내용,contents
내용물,"contents, goods"
내일,tomorrow
내장,intestines
내적,"inner, internal"
내후년,year after next
냄비,pot
냄새,a smell
냅킨,napkin
냇물,stream
냉면,cold noodles
냉방,air-condition
냉장고,a refrigerator
널리,"widely, generously"
넓다,"to be vast or wide, spacious"
넓이,width
넘기다,to hand over
넘다,to pass
넘어뜨리다,to throw down
넘어서다,"to cross, to pass"
넘치다,to overflow
네,yes
네거리,"intersection, crossroads, street crossing"
녀석,"rascal, chum, bud"
년대,"historical date, ten-year period"
노동,labor
노동력,labor
노동자,laborer
노동절,labor day
노래하다,to sing
노랫소리,singing voice
노력하다,"to strive, to try hard, to make an effort"
노출되다,to be exposed
녹다,To melt
녹음,sound recording
녹음하다,"to record music, to tape"
녹이다,"to melt, dissolve (an item)"
녹화,video recording
논리,logic
논리적,logical
논문,a thesis/dissertation
논밭,farm fields
놀랍다,to be surprising
놀러 가다,to go out and enjoy oneself
놀이,game
놀이터,playground
농가,farmhouse
농부,farmer
농사일,farm work
농사짓다,to do farming
농업,"agriculture, farming"
농촌,farm village
높아지다,to become high
높이,height
높이다,to (physically) raise (sth up)
놓아두다,to leave as is
놓이다,to be placed
놔두다,to leave (someone) alone
누르다,to press
눈가,eye rims
눈감다,"to die, to pass away"
눈길,line of sight
눈꺼풀,eyelid
눈뜨다,"to open eyes, wake up"
눈빛,glitter/shine of ones eyes
눈앞,before one's eyes
눕다,to lie down
뉴스앵커,news anchor
느껴지다,to feel
느끼다,"to feel, realize"
느낌,"feeling, impression"
늘다,"increase, improve"
늘리다,"to increase, to lengthen"
늘어나다,"to extend, to grow longer, to increase"
늙다,"To be (get, grow) old"
능동적,active
능력,ability
늦다,to be late
늦잠 자다,to sleep in late
다가서다,to go near
다녀가다,to (go and) drop by
다루다,"to handle, manage, conduct"
다리다,to iron (clothes)
다리미,an iron
다리미질하다,to iron
다만,"simply, merely"
다소,more or less
다습하다,to be humid
다시,again
다양성,diversity
다양하다,"to be diverse, varied"
다양해지다,"to diversify, to become varied"
다음,"next, following"
다음부터,from next time
다지다,to chop up
다치다,to be injured or hurt
다툼,a quarrel
다하다,to use up
다행,luck
단계,step or stage of a process.
단골,a regular customer
단념하다,to abandon
단단하다,"to be hard, solid, firm"
단색,a solid color
단순,simplicity
단순하다,to be simple-minded
단순히,simply
단어,vocabulary word
단위,a unit
단지,"simply, merely"
단체,"group, party, organization, association, body"
닫다,to close
달걀,eggs
달다,to be sweet
달라지다,"to become different, change"
달려가다,"to run, to dash"
달리,differently
달리다,to run
달빛,moonlight
닮다,to resemble
담,"wall, fence"
담기다,"to be filled, bottled"
담다,"to put into, include"
담당,undertaking
담당자,person in charge
담요,blanket
답변,answer to a problem
답장,written reply
닷새,five days
당근,a carrot
당분간,for the time being
당시,in those days times
당연하다,"to be fair,just,proper"
당장,"""at once!"", on the spot"
당하다,to suffer
닿다,"to brush against, reach"
대강,"roughly, briefly"
대개,"generally, in general, mostly"
대규모,large scale
대기,atmosphere
대기실,waiting area
대기하다,to standby or wait
대낮,broad daylight
대단히,incredibly
대략,"generally,approximately,roughly, nearly"
대로,"in accordance with, in the way, manner of"
대법원,supreme court
대보름,15th January (by the lunar calendar)
대부분,"majority, mostly, for the most part"
대비,provision
대사,"dialogue, lines"
대사관,an embassy
대신,instead of
대여섯,about 5 or 6
대응,response (to sth)
대입,university entrance exam
대접,hospitality
대접하다,"to offer hospitality, treat"
대중,"the general public, the masses"
대중교통,mass transportation
대중문화,popular culture
대중적,popular culture
대책,"a countermeasure, legislation"
대체로,on the whole
대통령,president of a country
대표,a representative
대학원생,graduate student
대한항공,Korean air
대회,"conference, convention, tournament"
더,more
더구나,"besides, still more"
더더욱,more and more
더럽다,to be dirty
더욱,increasingly
더욱더,more and more
더하다,"to add, sum up"
던지다,"to throw, pitch"
덜,less
덧붙이다,to make an additional statement
덮다,"to close (a book, lid)"
덮이다,to be covered
데려오다,to bring a person
데려가다,to take a person along
데려오다,to bring a person/animal somewhere
데리다,to accompany/bring/take someone with
데우다,"to warm, heat up"
도대체,"what the hell!, what on earth"
도리어,on the contrary
도마,cutting board
도망,"escape, flight, desertion"
도망가다,"to escape, to run away"
도사,a saint
도심,"downtown, heart of the city"
도자기,"ceramics, pottery"
도착,arrival
도착시간,arrival time
도착탑승구,arrival gate
독립,independence
독립기념일,independence day
독립하다,to be independent
독서하다,to read for enjoyment
독일,Germany
독창적이다,"creative, original"
독특하다,to be unique
독하다,to be potent
돈,money
돌다,to turn
돌려주다,to give back
돌리다,"to dial, revolve"
돌멩이,"a small rock, piece of stone"
돌보다,to take care of
돌아가다,to return (somewhere)
돌아가시다,to pass away
돌아보다,to look back
돌아오다,"to return, come back"
돕다,to help
동,bronze
동갑,same age
동경하다,to admire
동그라미,circle
동그랗다,to be round
동기,"motive, motivation"
동물원,zoo
동서,"the husband of one's wife's sister, brother in-law"
동시,"same time, simultaneously"
동안,"while, during"
동양학,Asian studies (major)
동작,"movements, an action"
동전,a coin
동쪽,east
동창,alumni
동화책,"storybook, fairy tales"
돼지,a pig
돼지고기,pork
되돌아보다,to look back
되살리다,"to revive, recall"
되풀이되다,"to repeat, reiterate"
두께,thickness
두다,to be placed
두드리다,to knock (on a door)
두렵다,"to be afraid, fearful, frightened, scared"
두리번거리다,"to stare about, look around"
두세,two or three
두통,(literal) headache
둘러싸다,to surround
둘러싸이다,to be surrounded
둥글다,"to be round, circular"
뒤꿈치,the heel
뒤편,backside
뒷골목,back street
뒷문,back door
드디어,finally
드러나다,to be exposed
드물게,rarely
드물다,"To be rare, uncommon"
들다,to be included
들려오다,"to be heard, to come to one's ear"
들르다,To stop by
들어가다,"to enter, to go in"
들어서다,"to enter, occupy"
들어올리다,to raise
들어주다,"to listen, to grant"
들여놓다,to set foot in
들여다보다,to look into
들이마시다,to breathe in
들이켜다,"to drink, gulp, chug"
듯이,as if to be
등록,register
등록금,registration fee
등장하다,to appear
따님,daughter (honorific form)
따다,"to pick, pluck"
따뜻하다,to be warm
따라다니다,to follow around
따라서,"accordingly, therefore"
따로,separately
따르다,to follow
따스하다,to be warm or balmy
딱,accurately
딴,different
땀,"sweat, perspiration"
땅값,price of land
땅바닥,ground
땅콩,peanuts
땅콩버터,peanut butter
때때로,occasionally
때로,"according to circumstances, on occasion"
때리다,to beat
때문에,because of
떠나가다,"to leave, depart, go away"
떠들다,to make a noise
떠들썩하다,to be clamorous
떠오르다,to come to mind; to rise to the surface
떠올리다,to recall something
떨다,"to tremble, shiver"
떨어지다,"to fall, to drop"
떼다,"to take off, detach"
또다시,once more
또한,"also, and"
똑똑하다,"to be intelligent, smart, clever"
똑바로,straight ahead
뚜렷하다,to be obvious
뚱뚱하다,To be fat
뛰어나가다,to run outside
뛰어나다,"to be excellent, outstanding"
뛰어내리다,to jump off
뛰어놀다,to romp about
뛰어다니다,to run around
뛰어오다,to come running
뛰어오르다,"to jump up, go up"
뜨다,to float
뜯어지다,To be torn
뜻밖에,"unexpectedly, contrary to what you thought"
뜻하다,"to mean, signify, imply"
띄다,"to catch sight of, meet the eye of"
럭비,rugby
레슬링,wrestling
로션,lotion
룸서비스,room service
리마콩,Lima bean
마련,a preparation
마련하다,"to prepare, to arrange"
마르다,to be extremely skinny
마음가짐,determination
마음속,one's mind
마음씨,temper
마찬가지,"sameness, similarity"
마찰,friction
마치다,"to finish, complete, conclude"
마침,Coincidentally
마침내,at last
막다,to block
막히다,"to be blocked, congested"
만나다,to meet
만들다,to make
만땅이다,to fill to the limit
만세,cheer
만약에,in the case that/in case
만일,"just in case, if"
만점,full marks
만족,"satisfaction, contentment"
만족스러운,satisfactory
만족스럽다,to be satisfactory
만족하다,to be satisfactory
만지다,to touch
만큼,to the extent
만하다,to be worthy
만화가,cartoonist
말,horse
말씀하다,to speak (honorific)
말을걸다,to address
말투,"way of speaking, accent"
망고,mango
망치다,"to spoil, to ruin"
맞은편,"the opposite side, the other side"
맞춤법,spelling rules
맡기다,"to deposit, to entrust"
맡다,"to be in charge of, responsible for"
매다,to tie
매달,monthly
매달다,"to hang up, suspend"
매달리다,"to be entangled, dependent"
매번,every time
매스컴,mass communication
매체,a medium or media (of something)
맨발,bare feet
맵다,to be spicy
머리말,"prologue, preface"
머리카락,hair
머릿속,in one's head
머무르다,"to stay, remain"
먹고살다,to make one's livelihood
먹다,to eat
먹물,ink
먹히다,to be eaten
먼지,dust
멀쩡하다,"to be brazen, impudent, hypocritical"
멈추다,"to stop, to halt, to cease, to calm down"
멍청이,idiot
멎다,"to stop, die down"
메다,to wear (on one's shoulders)
메뚜기,grasshopper
며느리,one's daughter in law
면담,personal conversation
면도하다,to shave
면접,job interview
멸치,anchovies
명단,"list, roll, register, directory"
명령어,a command word
몇몇,some
몇십,several tens (of a quantity)
모금,fundraising
모기,mosquito
모델,model
모래,sand
모레,the day after tomorrow
모르다,"to not know, to be unaware of"
모습,appearance; shape
모시다,"to accompany (honorific form), to care for"
모양,"a shape, a style"
모여들다,to gather
모으다,to gather something
모이다,"to gather (money, crowds)"
모임,"a social gathering, a meeting, a party, an assembly."
모조리,"all, without exception"
모집,recruitment
모집하다,to recruit
모퉁이,"corner, a turn, turning"
목,"the neck, the throat"
목숨,the breath of life
목요일,Thursday
목적,"aim, purpose, goal"
목젖,uvula
목캔디,throat lozenges
목표,a goal
몰려오다,to come flocking
몸매,one's shape or figure
몸무게,body weight
몸살,"illness from fatigue, body aches"
몸속,interior of the body
몹시,severely
못되다,to go wrong
못지않다,to be just as good as
묘사,depiction
무겁다,to be heavy
무관심,indifference
무관심하다,"to be indifferent, unconcerned, apathetic, uninterested,to have no regard for the feelings of others."
무기,"weapons, arms"
무너지다,to collapse
무대,"stage, arena"
무더위,"sweltering weather, high humidity"
무덥다,to be both hot and humid
무렵,"circa, around that time"
무사하다,"to be without mishap, safe, secure"
무수하다,"To be countless, myriad"
무시하다,"to disregard,ignore,neglect,"
무역,foreign trade
무용,"dancing, dance performance"
무용가,dancer
무의미하다,To be meaningless
무이자,interest free
무지개,rainbow
무책임하다,To be irresponsible
무척,very
묵다,to lodge somewhere
문득,all of a sudden
문어,octopus
문의하다,to inquire
문자,"a letter, character"
문장,a sentence
문지르다,to rub
문학,literature
문학적,literary
문화,culture
문화재,cultural assets
문화적,cultural
묻다,to ask
묻히다,to get buried
물,water
물론,"of course, needless to say"
물리학,physics (major)
물질,"matter, substance"
물질적,"material, physical"
물체,solid object
뭘요,you're welcome (lit: for what?)
미래에,in the future
미루다,to postpone
미리,"beforehand, in advance, ahead of time"
미만,less than
미식,American style
미신,superstition
미용사,a hair stylist
미움,hatred
미혼,"unmarried, single"
민간,"private, civilian, non-governmental,"
민감하다,To be sensitive
민속촌,folk village
민주주의,democracy
민주화,democratization
믿다,"to believe, to trust"
밀가루,flour
밀다,to push / shove
밀리다,to be behind schedule
바,unit of pressure
바가지,a rip-off
바구니,a basket
바깥쪽,outside
바뀌다,to be changed
바나나,Banana
바닷물,sea water
바라다,"to hope for, to wish"
바라보다,to look at/watch/stare at
바람,"wind, breeze"
바람직하다,"to be desirable, to be advisable"
바베큐,barbecue
바보,fool
바이러스,virus
바지,pants
바퀴,a wheel
바탕,basis or foundation of sth.
반 바지,short pants
반기다,to rejoice
반대,"opposite, objection"
반대로,conversely
반대편,opposite side
반도,a peninsula
반드시,"certainly, by all means"
반면,in contrast
반응,"reaction, response"
반죽,dough
반짝거리다,"to shimmer, sparkle"
반짝이다,"to twinkle, shine"
반찬,side dishes
반팔셔츠,short sleeved shirt
받아들이다,"to accept, to take something in mentally, to adopt"
발가락,toe
발견되다,to be discovered
발견하다,to discover
발굴,excavation
발권창구,ticket counter
발끝,"tip of the toes, tiptoe"
발달,"development, growth"
발달되다,to be developed
발달하다,to develop
발등,top of the foot
발매인,ticket agent
발목,an ankle
발바닥,the sole of a foot
발생하다,"to happen, occur"
발야구,kick ball
발음하다,"to pronounce, to articulate"
발전,development
발전하다,to develop
발톱,toenail
발표,announcement
발휘하다,"to demonstrate, display"
밝아지다,to get bright.
밝혀지다,"to become known, to be identified"
밝히다,to clear up
밟다,to step on
밤낮,night and day
밤늦다,To be late at night
밤새,all night long
밤새우다,to stay up all night
밤중,midnight
밤하늘,night sky
밥솥,rice cooker
방면,direction
방문,a visit
방문하다,to visit
방바닥,the floor of a room
방법,"method, a way"
방송국,"broadcasting company, TV station"
방송사,broadcasting company
방식,"a way, method, manner"
방안,plan / idea
방울,a bell
방지하다,to prevent
방해하다,"to disturb, to hinder"
방향,direction
배경,"setting, backdrop"
배고프다,to be hungry
배관공,plumber
배꼽,belly button
배부르다,"to be full, stuffed"
배송하다,to deliver sth
배우,"an actor, an actress"
배우다,to learn
배우자,a spouse
배치,"placement, arrangement"
배편,surface mail (by ship)
백과사전,encyclopedia
백만,one million
백성,"the people, the populace"
뱀,snake
뱉다,to spit out
버섯,mushroom
버스 정류장,Bus stop
번개,"lightning, thunderbolt"
번거롭다,to be complicated or troublesome
번역하다,to translate
번지,house number
번지수,street number
벌,mw. for clothes
벌,punishment
벌레,"insect, bug"
범위,the scope of something
범죄,a crime
법률,law
법적,legal
법칙,"a rule or law (nature, physics)"
법학,law (major)
베개,pillow
베다,to cut
벨트,belt
변경,"change, alteration"
변명,an excuse
변신,a disguise
변하다,"to transform, change into"
변화,"change, transformation"
변화하다,"to change, transform"
별,a star
별일,"odd thing, particular thing"
병실,sick room
보관,safekeeping
보기,an example
보내오다,to deliver
보도,a report
보도하다,to inform
보라색,purple
보름,"15 days, half moon cycle"
보름날,a full moon
보살피다,to take care of / to look after
보수,"payment, recompense"
보수적,"close-minded, conservative"
보안,security
보완하다,"to supplement, complement, make up for, supply"
보이다,"to be seen, to come in sight"
보자기,a wrapping cloth for food or diaper
보존하다,"to preserve, conserve, maintain"
보충하다,to supplement
보험,insurance
보험을 들다,To insure an item
보호,protection
보호하다,to protect
복도,a hallway
복사,a copy
복사기,photocopier
복사하다,to make a copy
복수,revenge
복숭아,a peach
복습,a review of lessons
복습하다,to review one's lesson
복통,stomach ache
본격적,"earnest, the real deal"
본래,"originally, naturally"
본사,head office
본질,essence
볼,cheek
볼일,something to do
봄,spring
봉사하다,"to service, offer"
봉지,a bag or packet
봉투,an envelope
부끄러움,"shyness, sense of shame"
부끄럽다,"to be ashamed, embarrassed"
부담,burden
부딪히다,to be bumped into
부랑자,a hobo
부러워하다,to envy
부러지다,to be broken
부럽다,to be envious
부문,"sector, field, classification"
부분,"part, section"
부상,an injury
부실하다,"to be weak, or poor (in structure, health)"
부엌,kitchen
부위,"part, region, spot"
부인,"a married woman, wife"
부재,absence
부정,"denial, negation"
부족,shortage
부지런하다,to be diligent
부지런히,diligently
부채,hand fan
부척하다,"to be lacking, not enough"
부치다,"to mail (a letter, parcel)"
부친,"a father,a paternal parent"
부피,"amount, volume"
북쪽,north
분리하다,"to separate, divide"
분명하다,to be obvious
분명해지다,to become clear
분명히,"clearly, obviously, for sure"
분별있다,to be sensible
분석,analysis
분석하다,to analyze
분야,"a field, one's specialty"
분위기,"atmosphere, mood"
분주하다,"to be busy, urgent, preoccupied"
분필,chalk
분홍색,pink
불,dollars
불가능하다,To be impossible
불과하다,"to be simply, just, to be nothing but"
불교,Buddhism
불구하다,to disregard
불다,to blow
불리다,"to be swollen, to be bulging"
불법,unlawfulness
불안,"anxiety, uneasiness"
불안하다,to be anxious
불완전하다,to be imperfect
불이익,"drawback, disadvantage, hardship"
불편하다,"to be uncomfortable, inconvenient"
불평,"complaint, discontent, dissatisfaction"
불평등하다,to be unequal
불필요하다,to be unnecessary
불행하다,to be unfortunate
불확실하다,to be uncertain
붉다,"to be crimson, red"
붐비다,"to be congested, crowded"
붓다,"to swell, bloat"
붙다,"to stick, attach"
붙들다,"to catch, start, capture, help"
붙이다,"to attach, stick on, paste"
붙잡히다,"to be caught, be taken hold of, be grasped"
블라우스,blouse
블라인드,blinds
비,rain
비,"fee, charge, expense"
비결,"a secret, a key"
비교,a comparison
비교적,relatively
비기다,"to end in a tie, to be a draw"
비누,soap
비닐랩,plastic wrap
비닐봉지,plastic bag
비다,"to be empty, to be vacant"
비둘기,pigeon
비디오,video
비로소,for the first time
비롯하다,to be headed by / started by
비만,obesity
비바람,rainstorm
비상,emergency
비상구,exit
비상출구,emergency exit
비서,a secretary
비용,"costs, expenses"
비우다,"to empty, to clear, to exhaust"
비웃다,to ridicule or make fun of
비자,Visa
비추다,to reflect
비치다,"to shine, to be reflected"
비키다,to get out of the way
비판,criticism
비판적,critical
비품실,office supply room
비하다,to compare
비행장,airfield
빈둥거리다,to loiter
빗방울,raindrops
빗줄기,a streak (continuation) of rain
빛나다,"to shine, to sparkle"
빠뜨리다,to omit
빠르다,"to be fast, quick"
빠져나가다,to sneak away
빠지다,"to fall out, deflate, drain"
빨다,to suck sth
빼놓다,"to omit, exclude, leave a person out"
빼다,"to pick out, exclude"
뺏다,to take away
뽑다,"to pull out, select"
뿌리,a root
뿌리다,"to sprinkle (something on/over something), scatter"
뿌리치다,"to repel, shake off, refuse"
뿐,"only, just, simply, merely, nothing but"
뿔,colloquial pronunciation of + grade symbol
사건,"incident, affair, case, matter"
사과하다,to apologize
사기,"morale, fighting spirit"
사나이,"gentleman, male"
사냥,hunting
사다리,a ladder
사들이다,to lay in
사라지다,to disappear
사랑니,wisdom tooth
사랑스럽다,"to be charming, lovely"
사랑하다,to love
사례,"instance, example"
사립,private (as in a private school)
사망,death
사망하다,"to die, pass away"
사모님,superiors wife
사무,office work
사무실,an office
사무직,office worker
사물,"a thing, object, matter"
사상,"a thought, an ideology"
사생활,"private life, privacy"
사소하다,"To be trivial, minor"
사실,"fact, truth, actually"
사실상,in fact
사업,"business, enterprise"
사업가,business person
사업자,a businessman
사용하다,to use
사용한도,credit limit
사위,son in law
사이,"relationship (with, between)"
사이사이,"spare moments, intervals, spaces"
사이좋다,To be on good terms
사자,a lion
사장,the president of a company
사전,a dictionary
사정,circumstances
사진,"a picture, a photo"
사진사,photographer
사춘기,"adolescence, puberty"
사탕,candy
사표,a written resignation
사학년,senior
사항,an item
사회,"community, society"
사회생활,social life
사회자,"master of ceremonies,chairperson,"
사회학,sociology
산,a mountain
산부인과,obstetrics and gynecology
산성비,acid rain
산속,in the mountains
산업,industry
산책,"a stroll, a walk"
살리다,to rescue
살아가다,to lead a life
살아오다,"to revive, escape"
살짝,slightly
살펴보다,to take a close look at
살피다,To look over carefully
삼가다,"to abstain from, to be mindful of"
삼각형,triangle
삼국,three kingdoms
삼다,"to make use of, use for the sake of"
삼월,march
삼학년,junior
상관없다,to have nothing to do with
상금,prize money
상당수,a good many
상당하다,"to be suitable, appropriate, adequate"
상당히,considerably
상대방,the person being spoken to (in a conversation)
상대적,relative
상대편,an opponent
상반기,the first half of the year
상상,imagination
상식,common sense
상어,shark
상원,the senate
상원 의원,a senator
상자,"a box, a case"
상징적,symbolic
상처,a wound
상쾌하다,"to be refreshing, fresh"
상태,"state,a condition,"
상표,"trademark, brand"
상품권,a gift certificate
상황,situation
새끼,off spring of animals
새롭다,to be new
새소리,chirping sound of a bird
새우,shrimp
새우다,to stay up all night
색다르다,"to be extraordinary, peculiar"
샌달,Sandals
생각깊게,thoughtfully
생각하다,"to think, to consider"
생겨나다,to germinate
생기다,"to happen, come to pass, occur, come about"
생명,life
생물학,biology (major)
생방송,a live broadcast
생산,"production, manufacture"
생산하다,to produce
생선,fish (for eating)
생신,(honorific) birthday
생활비,living expenses
생활수준,standard of living
생활용품,"living necessities, commodities"
생활환경,living condition (environment)
샤워,shower
샤워하다,to take a shower
샴푸,shampoo
서늘하다,"To be cool, chilly"
서다,to stand up
서두르다,"to hurry, to rush"
서랍,a drawer
서로,each other
서명,signature
서명하다,to sign one's name
서서히,"gradually, slowly, steadily"
서양,"western (culture, etc.)"
서양인,westerners
서점,a bookstore
서쪽,west
서투르다,"unskilled, clumsy"
서툴게,poorly
서툴다,"to lack skills, to do poorly."
석방,acquittal
석사,master's degree
섞다,"to mix, blend"
선거,election
선물,"a present, a gift"
선배,"senior, elder"
선원,crew member (on a ship/boat)
선장,a ship's captain
선전,"advertisement, propaganda, promotion"
선진국,developed country
선편,surface mail
설립하다,to establish or found
설마,surely (not)
설명,explanation
설명하다,to explain
설치하다,to install
섭씨,Celsius
성,last name
성경,the Bible
성공,success
성당,catholic church
성별,"sex, gender"
성숙하다,to be mature
성실하게,faithfully
성실하다,to be loyal
성장,growth
성적,"grade, score"
세,"fee, tax"
세계적,"worldwide, universal"
세금,tax
세대,generation
세로,length
세배돈,traditional bowing money
세상에,"in the world, what on earth!"
세월,"time, the years"
세제,"detergent, dish soap"
세탁기,washing machine
소,a cow
소개하다,to introduce
소고기,beef
소금,salt
소금통,salt shaker
소나기,rain shower
소득,"income, earning power"
소망,desire
소매,sleeves
소문나다,"to become the talk, be rumored about"
소비,consumption
소비자,a consumer
소비하다,"to consume, use up, pay, spend"
소설,a novel
소설가,novelist
소속,affiliation
소시지,sausage
소식,"news, information"
소아과,pediatrics
소용없다,To be useless
소원,a wish
소유,possession
소재,"one's location, whereabouts"
소중하다,"to be precious, valuable, priceless"
소중히,"valuably, treasurably"
소지품,one's personal belongings
소질,"temperament, character, nature"
소포,"a parcel, package"
소홀히,carelessly
소화하다,to digest
속달 우편,Express mail
속도 제한,speed limit
제한 속도,speed limit
속마음,"innermost feelings, real intention"
속상하다,"to feel sore about, depressed"
속옷,underwear
속을 썩이다,"to annoy, cause heartache."
속하다,"to belong to, to be affiliated with"
손가락,a finger
손길,one's reach
손님,"a guest, a customer"
손등,back of the hand
손목,wrist
손목 시계,a wrist watch
손목시계,a watch
손발,"hand and foot, the limbs"
손뼉,palm and fingers
손수,handmade
손수건,handkerchief
손실,loss
손잡다,"to hold hands, join hands"
손잡이,"handle, knob"
손톱,fingernails
솜,cotton
송아지,"calf, baby cow"
송어,trout
수건,towel
수고,efforts
수년,several years
수도꼭지,"water tap, faucet"
수돗물,tap water
수동적,passive
수락,acceptance
수력,hydroelectric power
수리하다,"to repair, to fix"
수만,tens of thousands
수많다,to be numerous
수석,"the top seat, first in class"
수선하다,to mend
수술하다,to operate
수영복,swimsuit
수영장,swimming pool
수영하다,to swim
수요,a demand or requirement for something
수요일,Wednesday
수의사,a veterinarian
수입,imports or individual income
수입품,imported goods
수저,a set of a spoon and chopsticks
수준,"a level,a standard"
수집,a collection
수출,export
수출하다,to export
수컷,male (for animals)
수필,an essay
숙녀,"lady, gentlewoman"
숙소,lodging
순간,"moment, instant, second"
순간적,momentary
순서,"sequence, procedure, order"
순수하다,to be pure
순위,"order, ranking, standing"
순진하다,to be innocent
순하다,"to be mild, gentle, meek"
숟가락,a spoon
술자리,a meeting for drinking
술집,"a bar, a drinking place"
숨,a breath
숨기다,hide
숨다,to hide (oneself)
숲,forest
쉬다,to rest
쉽게,easily
쉽다,to be easy
스모그,smog
스스로,by oneself
스승,"a master, respected teacher"
스웨터,sweater
스카치,scotch
스크랩,news paper clippings
스페인,Spain
스피커,speakers
슬그머니,"secretly, quietly"
슬리퍼,slippers
슬쩍,"furtively, sneakingly, secretly"
슬퍼하다,"to grieve, be sad"
습관,a habit
습기,humidity
습기,moisture
승리하다,"to defeat, to win"
시,poetry
시각,"perspective, point of view"
시간 관리,time management
시간마다,hourly
시금치,spinach/greens
시기,a period of time
시끄럽다,"to be noisy, loud"
시나리오,scenario
시댁,husband's house (honorific)
시도하다,to attempt
시동,the starting up of a vehicle
시들다,"to wither, fade"
시력,ability
시선,"one's sight, eye contact"
시설,"equipment, facilities, plant, institution, establishment"
시시하다,"to be trivial, petty, insignificant"
시아버지,husband's father
시월,October
시위,protest/demonstration
시일,date and hour
시절,the time of year
시집가다,to marry (used for women)
시청률,a (program's) viewer rating
시키다,"to force, to cause; to order"
시합,a competitive match
식구,family members
식기,tableware
식량,"foodstuffs, provisions"
식료품,"articles of food, foodstuff"
식물,"plant life, vegetation"
식사,a meal
식생활,eating habits
식욕,appetite for food
식초,vinegar
식품점,grocery store
식히다,to let cool
신경,"a nerve, concern"
신나다,to be excited
신문사,a newspaper publishing company
신문지,paper used for newspapers
신발,"footwear, shoes"
신부,catholic priest
신분,social position
신비,mystery
신사,a gentleman
신사복,menswear
신설,a new theory
신속하다,to be rapid
신장,kidney
신제품,a new product
신중하다,"To be cautious, prudent"
신청서,application form
신청하다,to apply
신체,the body
신체적,physical
신혼부부,newlyweds
신혼여행,honeymoon
신화,"myth, mythology"
싣다,"to load, to take (passengers)"
실,thread
실감,actual feeling
실례,"excuse, ill-manner, impoliteness"
실리다,to be printed
실망,disappointment
실망하다,to be disappointed
실수,a mistake
실수하다,to make a mistake
실시,implementation
실시되다,to be put into effect
실시하다,"to implement, carry out"
실업자,unemployed
실정,"real situation, actual circumstances"
실제,"actuality, truth, reality"
실제로,in reality
실천,practice (usual procedure)
실천하다,to follow through
실컷,to the utmost/unreservedly
실패,failure
실패하다,to fail
실험,"experiment, test, laboratory work"
심각하다,"To be serious, grave"
심다,"to plant, sow"
심리적,psychological
심리학,psychology
심부름,an errand
심장,heart
심하다,to be worse than usual
십만,one hundred thousand
십억,one billion
싱겁다,"to taste bland/flat, unsalted"
싸구려,"cheap, on the cheap"
싸다,"to pack, wrap"
싸우다,to fight
싸움,a fight
싹,entirely
쌀쌀하다,to be chilly
쌍둥이,a twin
쌓다,to pile up/stack
쌤,slang. “teacher”
썰다,"to dice, mince"
썰렁하다,to be corny (of jokes)
썰매,a sled
쏟아지다,to gush
쓰다,to write
쓰다듬다,"to touch, stroke"
쓰레기봉지,trash bag
쓰레기통,rubbish bin (big)
쓸데없다,"to be needless, unnecessary, useless"
쓸데없이,"worthless, useless"
씌우다,to cover (something with something)
씨름,traditional Korean wrestling
씩씩하다,"to be manly, brave"
씹다,to chew
씻기다,"to be washed, get wet in the rain"
씻다,to wash
아나운서,"anchorperson, announcer"
아니다,to not be
아랫사람,one's junior
아름답다,"to be beautiful, gorgeous"
아마도,maybe
아무래도,"any way, anyhow, surely, inevitably,"
아무런,any sort of
아무리,"no matter how, however much"
아쉬움,"frustration, sense of loss"
아스피린,aspirin
아울러,along with
아유,good heavens!
아주머니,"an aunt, a respectable word for a married, older woman"
아파트,an apartment
안개,"a fog, a mist"
안경,glasses
안내원,a guide (person)
안내책,Brochure
안내하다,to guide
안방,the main (living) room
안부,regards
안심하다,"to feel reassured, to rest assured"
안약,eye drops
안전밸트,seat belt
안정,stability
앉다,to sit down
알다,"to know, to understand"
알려주다,to reveal
알려지다,to become known
알리다,to let (someone) know
알맞다,to be fitting
알아보다,to recognize
알아보다,"to inquire about, to look into"
앓다,"to suffer (from), be sick"
암시,"a hint, allusion"
암컷,a female (of animals)
압력,pressure
앞,front
앞날,the future (negative connotation)
앞바다,coastal waters
앞서,"before, earlier, previously"
애국자,patriot
애쓰다,"to strive, make an effort"
야간,night time
야구,baseball
야수,a beast
야옹,meow
야외,outdoors
약,medicine
약간,somewhat
약속하다,to promise
약하다,to be weak
약혼녀,female fiancee
약혼자,fiancee
얄밉다,"to be hateful, detestable, spiteful"
얇다,to be thin
양,sheep
양보하다,to yield (to sth/someone)
양복,suit
양상추,lettuce
양옆,both sides
양파,onion
얕다,To be shallow
얘,"you there, child, sonny, him, her"
어눌하다,to be inarticulate
어느새,"before one knows it, without being aware"
어두워지다,to get dark
어디든지,wherever
어딘가에,somewhere
어리다,to be young
어색하다,"to feel awkward, be embarrassed"
어울리다,to suit or match
어저께,day before yesterday
어제,yesterday
어젯밤,last night
어지럽다,to be dizzy
어쨌든,anyhow
어쩌다,"by chance, by accident"
어쩌다가,"by chance, by accident, sometimes"
어쩌면,maybe
어쩜,"wow, how (indicating degree)"
어찌,for what reason
어찌나,"so, quite, too"
언론,"speech, discussion"
언어,language
언어학,linguistics (major)
언제나,always
언젠가,someday
얻다,"to get, obtain, acquire, win, gain, receive"
얻어먹다,"to beg, to be treated to (food)"
얼리다,to be freezing
얼마간,some quantity
얼마나,"how long, how much"
얼마나 자주,how often
엄숙하게,solemnly
엄숙하다,"to be grave, solemn"
엄청나다,"to be a lot, be exorbitant, ridiculous"
업무,"affair, business"
업체,(business) enterprise
없애다,"do away with, get rid of"
엇갈리다,to miss (each other)
엉망,"a wreck, ruin"
엉터리,"something or someone fake or bogus, rubbish, piece of junk, hogwash"
엊그제,a few days ago
엑스레이기,x-ray machine
여가,free time
여관,"an inn, a small hotel"
여기,here
여기다,"to regard, consider"
여기저기,here and there
여대생,female university student
여동생,younger sister
여론,public opinion
여름,summer
여유,time to spare
여인,"woman, lady (poetic)"
여자친구,girlfriend
여전하다,"to remain unchanged, be as before"
여전히,"still, as before, as ever, as usual"
여직원,female worker
여쭈다,to ask (honorific)
여행,"travel, a trip, a journey"
여행사,a travel agency
여행하다,to travel
역사상,"historically, in history"
역시,"as expected, sure enough"
역할,a role/duty
연구소,research center
연구실,laboratory
연구하다,to research
연극,a stage play
연기,"smoke, vapor"
연기되다,to be delayed
연기하다,to perform
연기하다,"to delay, postpone"
연두색,light green
연락처,contact information
연상하다,to associate
연습하다,to practice
연어,salmon
연인,"a sweetheart, lover"
연장,"extension, renewal"
연출하다,to direct (a film)
연필깍기,pencil sharpener
연하다,"to be tender, weak in flavor"
열,fever
열리다,to open
열리다,"to be opened, take place, open, begin"
열심히,"hard, diligently, enthusiastically"
열중하다,"to be zealous, enthusiastic"
열흘,a ten day (period)
엷다,to be light in color
염려하다,"to be worried, concerned, apprehensive, anxious"
엽서,"a postcard, a postal card"
영상,above zero
영업 시간,business hours
영역,"territory, domain, area"
영웅,a hero
영향,"influence, effect"
영화,a movie
옅다,to be light in color
옆구리,a side of the body
옆집,next door
예고하다,to give advance notice
예금,bank deposit
예리하다,to be sharp
예매하다,"to buy in advance (tickets), to reserve"
예문,example sentence
예민하다,"to be keen, sharp"
예보,"forecast, prediction"
예쁘다,"to be pretty, beautiful, lovely"
예산,budget
예상되다,to be expected
예상하다,"to predict, expect, anticipate"
예선,"preliminary match, qualifying round"
예수,Jesus Christ
예술,art
예습,preparation (of one's lessons)
예습하다,to prepare one's lesson
예전,in the past
예정,"a schedule, plan"
옛,"old, olden, archaic, ancient"
옛날,"the old days, a long time ago"
옛날이야기,an old story
오늘,today
오락,"entertainment, a game"
오래간만,after a long time
오래도록,for a long while
오랜,old
오랫동안,for a long time
오만,arrogance
오븐,oven
오염,"contamination, pollution"
오월,may
오존,ozone
오직,merely
오징어,a squid
오히려,on the contrary
옥상,rooftop
온갖,all kinds of
온대성,temperate
온대성 기후,temperate zone
온돌,heated floor
온종일,all day (long)
올가을,this autumn
올라가다,"to climb, ascend, go up"
올라서다,to step up
올라오다,to (literally) come up
올라타다,"to jump on, to ride"
올려다보다,to look up (at)
올리다,"to raise, raise, lift up ""a zipper"", to upload"
올림,yours truly (of letters)
올바르다,"to be right, correct, proper, upright"
올여름,this summer
올해,this year
옮기다,"to transfer (people, luggage), to move"
옳다,"to be right, reasonable"
옷,clothes
옷걸이,clothes hanger
와이셔츠,white dress shirt
완두콩,peas
완전히,"completely, perfectly"
왕,king
왕복,round-trip
왕복표,Round trip ticket
왕비,queen
왕자,prince
외갓집,one's mother's maiden home
외계인,space alien
외동딸,only daughter
외래어,a loanword
외발자전거,a unicycle
외부,the outside
외식하다,to eat out
외아들,only son
외우다,to memorize
외제,foreign goods
외출,"going out, being out"
외출하다,to go out
외치다,"to cry out, shout"
외침,a shout
외투,overcoat
외할머니,maternal grandmother
외할아버지,maternal grandfather
요구,"a demand, request"
요구하다,to demand
요금,"fee, a fare, a charge"
요리사,"cook, chef"
요새,these days
요트,yacht
용감하다,to be brave
용기,courage
용돈,money for spending
용서,forgiveness
용어,terminology
용의자,suspect
우비,a rain coat
우선,"first of all, to start with"
우승하다,to win a victory (championship)
우아하게,elegantly
우아하다,"To be elegant, graceful"
우울하다,"to be depressed, to be melancholy, gloomy"
우울한,moody
우유,milk
우주선,spaceship
우체부,"a mail carrier, a postman"
우체통,a mailbox
우편,"mail, postal service"
우편 요금,Postage
우편번호,zip code
우표,a stamp
우회전,a right turn
운동하다,to exercise
운동화,sneakers
운명,fate
운반,transportation
운영하다,to run or operate a business
운행,"movement,revolution"
울리다,to ring a bell or whistle
움직이다,to move
웃어른,one's elders
웃음소리,laughter
원래,"originally, primarily"
원서,application form
원숭이,a monkey
원인,a cause
원장,the manager
월세,monthly rent
월요일,Monday
웬만하다,to be tolerable
위기,"emergency, crisis"
위대하다,To be great
위로,"consolation, comfort"
위반,infraction
위반하다,to violate
위법,illegality
위아래,up and down
위원,committee member
위원장,a chairperson
위치,location / position
위험성,risk (possibility of danger)
위협하다,to threaten (not 협박)
윗몸,the upper part of the body
윗사람,"one's senior, superior"
유능하다,"to be able, to be competent"
유람선,a cruise ship
유령,a (western style) ghost
유머스럽다,to be humorous
유발하다,"to cause, induce"
유산,"heritage, legacy"
유적지,"historical landmarks, sites"
유지되다,to be kept/maintained
유지하다,to maintain/keep up
유치원,kindergarten
유행,fashion
유행하다,to be popular
육교,a pedestrian overpass
육군,army
육상,over land
육체,the body
육체적,"physical, bodily"
윤기,"luster, shine, gloss"
윤달,“intercalary month”. used to adjust lunar calendar
은색,silver
은퇴하다,to retire
은행나무,a ginkgo tree
음력,lunar calendar
음료수,a beverage
음반,"a phonograph record, disc"
음식,food
응급실,emergency room
응용,application (usage)
의견,"opinion, view, idea"
의논,"consultation, counsel, discussion"
의도,intention
의도적,knowingly
의류,"clothing, apparel"
의문,"a doubt, question"
의미,a meaning
의미하다,to mean or signify
의복,"a set of clothes, garments"
의식,consciousness
의식하다,"to be conscious of, be aware of"
의원,clinic or member of legislature
의지,"will, volition"
의하다,"to be based on, be founded on"
이것들,these
이것저것,this and that
이곳저곳,here and there
이끌다,to lead (e.g. an organization)
이나,or
이날,on this day
이념,ideology
이대로,as it is
이데올로기,ideology
이따금,"sometimes, from time to time, occasionally"
이때,"at this time, moment"
이래,after that
이래서,as such
이런,"like this, like such"
이론,a theory
이롭다,"to be beneficial, good"
이루다,"to accomplish, achieve"
이모,an aunt (mother's side)
이미,already
이민,immigration
이민국직원,immigration officer
이발사,barber
이발소,a barber shop
이별,"parting, farewell"
이상,"above, more than"
이상의,ideal
이상적이다,to be ideal
이상하다,to be strange
이성,rationality
이슬,"dew, dewdrops"
이어,subsequently
이어서,subsequently
이어지다,"to be connected, continue"
이외,"except (for), other than"
이용자,user
이용하다,to use (facilities or people)
이웃,neighborhood
이웃집,a neighbor's house
이유,"a reason, cause, excuse"
이익,"profit, gain"
이자,interest (on money)
이자율,interest rate
이제야,"finally, at last"
이하,"under, less than"
이학년,sophomore
이해,understanding
이해관계,economic interest
이해하다,to understand
이혼,divorce
이혼하다,to divorce
익다,to ripen
익숙해지다,to get used to/to become accustomed to
익히다,"to cook, to ferment"
인간,"a human being, mankind, humanity"
인간관계,human relations
인간성,human nature
인기,popularity (for a person)
인내,"patience, perseverance"
인류,mankind
인물,a figure or character
인사,greeting
인사하다,to greet
인삼차,ginseng tea
인상,"impression, personal appearance"
인상적,to be impressive
인상적이다,to be impressive
인생,human life
인쇄,printing
인식하다,to recognize
인재,a talented person
인정하다,"to recognize,acknowledge,admit,confirm"
인제,now (indicating change)
인종,a race / ethnicity
인터뷰,interview
인턴,intern
일기예보,a weather forecast
일년에 한 번,once a year
일다,to rise up
일단,"once, first"
일대,a region or zone
일등,"the first class, the first rank"
일등석,first class seat
일반석,Economy class
일본,Japan
일부,"part, portion, section"
일부러,deliberately
일손,manual labor
일시적,temporary
일어서다,to stand up
일억,one hundred million
일요일,Sunday
일으키다,"to cause,provoke, give rise to, start"
일자리,a job opening
일정하다,"to be fixed, uniform"
일종,"a kind, variety, species"
일주일,one week
일주일에 한 번,once a week
일터,workplace
일하다,to work
일회용,disposable (one time use)
일회용품,disposable product
읽다,to read
읽히다,to read to someone
임금,wage
임신부,a pregnant woman
입국,entrance into a country
입국심사,immigration
입다,"to put on, wear"
입력,"input, entry"
입력하다,to input
입사,entering a company
입사하다,to join a company
입술,lip
입시,entrance examination
입원,admission into a hospital
입원하다,to be hospitalized
입장,one's position/standpoint
잇다,"to connect, tie, link"
잇점,advantage
잊혀지다,to escape one's memory
자,ruler
자가용,"private car, one's own car"
자격,qualification
자격증,certificate of qualification
자기,one's self
자꾸,"repeatedly, often, frequently"
자녀,"offspring, children"
자다,to sleep
자두,a plum
자라나다,to grow (up)
자라다,to grow
자료,"materials, data"
자르다,to cut
자막,subtitles
자매,"sisters, female sibling"
자부심,"self conceit, self-esteem, pride"
자살하다,"to commit suicide, kill oneself"
자세,"a posture, position, stance"
자신,"oneself, self-confidence, self-assurance"
자신감,self-esteem
자신있다,to be self-confident
자연스럽다,To be natural
자연재해,natural disaster
자연적,"natural, instinctive, inborn, innate, inherent"
자연현상,a natural phenomenon
자원,resource
자유,freedom
자유롭다,"to be free, unrestricted"
자정,midnight
자주,"often, frequently"
자체,"oneself, itself"
작가,"writer, author"
작문,a compositional writing
작업,"work, operation"
작용,"effect, action"
작품,"a piece of work (art), performance, product"
잔도,loose change
잔디,"lawn,grass,turf,sod"
잔디밭,"a lawn, a grass plot, a patch of grass"
잔치,feast
잘못되다,to turn out wrong
잠그다,to lock
잠바,"windbreaker, jacket"
잠비,zombie
잠수함,submarine
잠시,a moment
잠자리,dragonfly
인하다,"to be due to,be caused by"
잡수시다,to eat (honorific)
잡아당기다,"to pull, yank"
잡지,a magazine
잡화,miscellaneous goods
잡히다,to be caught
장 거리,a long distance
장 보다,to buy groceries
장갑,gloves
장관,minister (of the Korean government)
장군,"general, admiral"
장기간,long period of time
장기적,"in the long run, in the long term"
장난감,a toy
장례,funeral service
장례식,funeral ceremony
장르,genre
장마,Korean monsoon season
장면,"scene, situation (movie, show)"
장사,"commerce, business"
장사꾼,"businessman seller, merchant, trader"
장소,place
장수,long life
장인,father-in-law (for males)
장차,"in the future, some day"
장학금,a scholarship
재다,to measure
재래시장,a traditional market
재방문하다,to revisit
재산,"estate, property, wealth"
재수,"luck, fortune"
재우다,to put someone to sleep
재작년,the year before last
재정,"finance, financial affairs, fiscal matters"
재주,talent
재채기,a sneeze
재채기하다,to sneeze
재판,"a court hearing, trial"
재판하다,to judge
재학,one's college days
재해,a disaster
재확인하다,to reconfirm
재활용,recycling
재활용품,recyclables
저금통,a savings jar
저금하다,to save money
저런,"oh my, oh dear!, goodness!"
저리,"in that direction, that way"
저온,a low temperature
저울,"a scale, balance"
저자,an author
저지르다,"to commit an error, wrong doing"
저축하다,to deposit money
적극,active
적극적,"active, aggressive"
적다,"to fill out (papers), to write down"
적성,aptitude
적어도,at the least
적응,fitness; suitability; adaptation
적절하다,to be appropriate
전공하다,to major in
전구,light bulb
전국,nationwide
전기 공학,electrical engineering (major)
전기밥솥,electric rice cooker
전달하다,"to deliver, convey"
전등,"fluorescent bulb, light bulb"
전등갖,lampshade
전망,"forecast, outlook"
전문적,"specialized, technical"
전문점,specialty store
전문직,professional occupation
전병,thin crispy pastry
전선,electric wires
전설,a legend
전세,"yearly rent, ""key money"" system"
전시,exhibition
전시되다,to be displayed
전시장,exhibition center
전시하다,"to show, exhibit"
전자렌지,microwave
전쟁,war
전진시키다,to advance
전철역,alt. “subway station”
전체,"total, entirety"
전체적,"entirely,generally"
전하다,"to convey, tell, deliver (message, thing, etc.)"
전혀,never
전화번호,telephone number
절대,"never, absolutely not"
절약,"frugality, savings"
절약하다,to economize
절차,"procedures, steps"
젊음,"youth, youthfulness"
점검,"check-up, inspection"
점수,a score
점심,lunch
점원,a store clerk
점잖다,"to be gentle, very polite"
점점,gradually
점차,"gradually, little by little"
접근,approach
접시,"plate, dish"
정가,regular price
정거장,a bus / train stop
정답,correct answer
정당,a political party
정도,"approximately, about"
정리하다,"to organize, clean up"
정반대,exact opposite
정부,government
정신,"mind, spirit, soul"
정신과,psychiatric
정신없이,mindlessly
정오,"exactly noon, noon"
정원,a garden
정장,a formal outfit
정직하다,to be honest
정치학,political science
정하다,"to decide, make up one's mind"
정확하다,"to be precise, accurate"
젖다,to be wet
젖다,"to get wet, to be soaked"
제공하다,"to provide, offer"
제과점,bakery
제대로,"appropriately, as it should be"
제대하다,to be discharged from military service
제발,please
제사,ancestor worship
제삿날,death anniversary
제스쳐,a gesture
제시하다,to present
제외하다,to exclude
제의하다,"to propose, suggest, offer"
제작,"production, manufacture"
제출,submission (of sth)
제품,manufactured goods
조개,shellfish
조건,"condition, term"
조그마하다,"to be tiny, small"
조그맣다,"to be smallish, tiny"
조금씩,"little by little, gradually"
조기,an early stage
조르다,"to aggravate, badger"
조명,illumination
조미료,"seasoning, MSG"
조사,investigation
조사하다,to investigate
조상,ancestor
조용하게,quietly
조용하다,to be quiet
조용히,silently
조절,a control
조직,"group, organization"
조화되다,to be harmonious
존경하다,"to respect, admire, honor"
존재,presence
존재하다,to exist
졸리다,to be sleepy
졸업생,a graduate of college or university
졸업식,Graduation ceremony
졸업하다,to graduate
졸연하다,to be sudden
졸음,sleepiness
좁다,"to be narrow, cramped"
좁히다,"to narrow, to close on."
종교,religion
종교적,religious
종류,"kind, variety, sort"
종소리,a bell sound
종이,paper
종이봉지,paper bag
종합,"general, multiple"
종합하다,to integrate
좋다,to be good
좋아하다,"like, be fond of"
좌석,seat
좌석주머니,seat pocket
좌회전,a left turn
주거,residence
주관적,subjective
주다,to give
주로,"mainly, usually, for the most part"
주름,wrinkles
주름살,wrinkles
주목하다,to remark
주변,"surrounding, nearby, around a certain area"
주사,"a shot, an injection"
주소,Address
주식,a financial stock
주요,"major, significant"
주위,"near, the neighborhood, the surroundings"
주유소,gas station
주인공,central character
주일,counter for weeks
주장,argument / claim
주장하다,to assert or insist
주전자,a (tea)kettle
주제,"the subject matter, theme"
주택,housing
주한,resident in Korea
죽이다,to kill
줄거리,synopsis
줄다,to decrease
줄무늬,stripped pattern
줄서,passing away
줄어들다,"to decrease, shrink"
줄이다,"reduce, diminish, lessen"
중간,Middle
중간고사,mid-term exam
중계방송,a live broadcasting
중국,China
중년,middle-aged
중단,"interruption, discontinuance"
중단되다,"to be discontinued, interrupted"
중독,an addiction
중세,"middle ages, medieval"
중소기업,small business
중순,the middle third (ten days) of a month
중심,"the center, core"
중요,importance
중학교,middle school
쥐,"mouse, rat"
쥐다,"to grip, to clench"
즉석,impromptu/on the spot
즐거워하다,"to feel happy, enjoy"
즐기다,"to enjoy, enjoy oneself"
증가하다,to increase
증거,"evidence, proof"
증권,a stock certificate
지각,"lateness, tardiness"
지겹다,"to be disgusting, nasty"
지겹다,"to be tedious, wearisome, tiresome"
지구본,globe
지금,now
지금껏,"thus far, until now"
지급,payment
지나가다,to pass by
지나치다,"to go too far, be excessive, beyond bounds"
지난해,last year
지내다,to spend time
지능,"intelligence,intellect"
지니다,"to have, possess"
지다,"to be defeated, lose"
지대,area
지도자,"a leader, mastermind"
지도하다,"to guide, direct, coach, lead"
지르다,"to shout, to yell"
지름길,shortcut
지배하다,"to occupy, control, govern"
지시,"directions, instructions, order"
지식,knowledge
지옥,hell
지원,support
지원자,volunteer
지위,"position, status"
지저분하다,"to be messy, disorderly"
지적,"pointing out, indication"
지점,a branch (office)
지켜보다,to keep an eye on
지키다,"to protect, abide by, guard"
지폐,paper money (currency)
지하도,pedestrian underpass
지하철,subway
지혜,wisdom
직불카드,debit card
직원,an employee
직장,workplace
직장인,an office worker
직접,"in person, directly,  by oneself, with one's own hand"
직후,immediately after
진단하다,to diagnose
진달래,azalea
진동,vibration
진로,"a course (direction), life path"
진료,medical diagnosis and treatment
진리,truth
진실,"truth, reality"
진실로,"in fact, in reality, actually"
진실하다,to be truthful
진심,"sincerity, a true heart, earnest"
진찰,a medical examination
진토닉,gin and tonic
진통,"contractions, labor pains"
진하다,to be deep (color)
진행되다,"to have progressed, to be advanced"
진행자,"a host, MC"
질,quality
질서,"public order,regularity"
질투,jealousy
질투하다,to be jealous
짐,"luggage, baggage"
짐작,"a guess, an assumption"
집다,"to pick, to choose, to select, take a pinch of"
집단,"group, body (of people)"
집중하다,to concentrate
짓,"act, behavior"
짓다,"to build, construct"
짜다,to be salty
짜리,worth
짜증스럽다,to be annoying
쩔쩔매다,"to be at one ́s wit ́s end,be at a loss as to what to do"
쪽,measure word for pieces (of clothing)
쫓겨나다,"to be expelled, to be kicked out"
쭉,straight
찌꺼기,tea or coffee grounds
찌다,to steam
찢다,"to tear, rip, split"
차갑다,to be cold
차남,second oldest son
차라리,"rather, better, first, preferably"
차례,rites honoring ancestors
차리다,"to prepare, make ready, to arrange"
차선,traffic lane
차이,differences
차차,gradually
차창,"car window, train window"
착각하다,to mistake one thing for another
찬성,"agreement, consent"
찬성하다,to agree (on a plan or position)
참,by the way
참견,interference
참기름,sesame oil
참다,"to repress a feeling, endure"
참새,sparrow
참석,"attendance, presence, participation"
참석자,attendee
참여,participation
참여하다,to participate
참으로,"really, truly"
찻잔,teacup
창가,window side
창가 좌석,a window seat
창구,"a teller's counter, a cashier's window"
찾아가다,to go find or visit
찾아다니다,to forage
찾아보다,"to look for, search"
채,mw. for houses
채소,vegetables
채우다,to fill
채점,"grade, mark, score"
책방,bookstore
책임,"responsibility, accountability"
책임감,a sense of responsibility
챙기다,to put things in order
처리,"handling, disposal"
처지,"situation, condition, circumstance"
천,one thousand
천둥,thunder
천만,ten million
천사,angel
천재,genius
천천히,slowly
철저하다,"to be thorough, exhaustive"
철학,philosophy
철학적,philosophical
청바지,blue jeans
청소원,janitor
청취자,listener
체온,body temperature
체육,"physical training, physical education"
체조,"physical exercise, gymnastics"
체포,arrest
체하다,to have upset stomach
체험,personal experience
체험하다,"to undergo, go through"
쳐다보다,"to stare at, to look at"
초기,early period
초대,an invitation
초대하다,to invite
초등학교,elementary school
초등학생,elementary student
초록,green
초록색,green
초상화,a portrait
초순,first ten days of the month
초저녁,"early evening, early hours of the evening"
초점,"focus, focal point"
초조하다,"to be anxious, impatient"
초청장,letter of invitation
초청하다,to invite
촌스럽다,"to be unfashionable, inelegant, unrefined"
촛불,candlelight
총,a gun
총,total
총장,university president
촬영보,a camera person
촬영하다,to film
최근,lately
최대,maximum
최상,"the best,the finest,the highest"
최소,minimum
최소한,"the smallest, minimum, at least"
최신,"the newest, up-to-date"
최악,the worst
최우다,to tidy up
최저,"lowest, minimum"
최초,"the first, the beginning, the outset"
최근,"the latest, most recent"
추가하다,to add (sth. to sth.)
추석,thanksgiving
추억,a pleasant memory
추진하다,"to propel, drive"
추천,recommendation
추천하다,to recommend
추측하다,"to suppose, guess; speculate"
추측,"a guess, speculation"
축구화,soccer shoes
축적하다,to accumulate
출국,leaving a country
출근하다,to go to work
출발,departure
출발점,departure point
출산,"childbirth, delivery"
출석하다,to be present
출신,"native, former"
출입국,immigration
출장,a business trip
출퇴근,"go and come from work, commute"
출판,publishing
출현하다,to appear
충격,"impact, shock, trauma"
충고,"advice, counsel, warning, caution"
충돌하다,"to collide, crash"
충분하다,to be sufficient
충분히,"enough, sufficiently"
취소,cancellation
취업,employment
취재,gathering information or data for a newspaper
취직하다,to find or get a job
치료,medical treatment
치료법,a remedy
치마,skirt
치솔,toothbrush
치약,Toothpaste
치통,toothache
친해지다,to become close (to someone)
칠하다,"to paint, to coat, to color, to varnish"
침대,a bed
침술,acupuncture
침실,a bedroom
침착하다,to be calm/self-possessed
칭찬하다,"to speak highly of, to praise"
캄캄하다,to be pitch dark
커튼,curtains
커피,coffee
케찹,ketchup
코끝,tip of the nose
코끼리,an elephant
코를 골다,to snore
크기,size
큰절,a formal deep bow
큰집,the home of a family's parents and first child
키보드,keyboard
키우다,"to reer, bring-up children, crops, animals"
키위,kiwi
타다,to burn
타오르다,to burn up
타자기,typewriter
타조,ostrich
탁자,"a desk, a table"
탈출하다,to escape
탓,"reason, fault, blame"
태도,attitude
태아,fetus
태양,sun
태어나다,to be born
태우다,"to pick up (a person), give a ride"
태평양,pacific ocean
터지다,"to break, blow up, disclosed"
테니스,tennis
테러,"terror, terrorism"
토끼,a rabbit
토대,"a foundation, basis"
토론,"debate, discussion"
토론하다,to discuss
토론회,"open forum, debate, panel discussion"
토요일,Saturday
통과,passing
통닭,fried chicken
통로,aisle
통로 좌석,Aisle seat
통역,interpretation (translation)
통역사,translator
통역하다,to interpret
통일,unification
통제,"regulation, management, control"
통통하다,to be chubby
통합,consolidation
통화하다,to talk on the phone
퇴근하다,to go home from work
퇴원하다,to be discharged from a hospital
투자,investment
튀기다,to deep-fry
튀다,to spatter
특급,special(mail delivery)
특별히,especially
특성,special characteristics
특수성,unique or special characteristic
특징,"a special feature, a characteristic"
특히,"especially, particularly"
틀다,"to turn on, switch on"
틀림없다,to be certain or free of errors
틈,"crack, crevice"
팀,a team
파,green onion
파도,waves
파리,a fly
파악하다,"to mentally grasp, understand"
파인애플,pineapple
파자마,pajamas
판결,"judgement, verdict"
판단,judgement
판단하다,to judge
판매,"sale, selling, marketing"
판매세,sales tax
판매원,salesman
판사,a judge
팔다,to sell
팔리다,to be sold
팝콘,popcorn
팬티,underwear
퍼지다,"to unfold, spread out"
펴다,"to unfold, straighten, unroll"
편견,"a prejudice, a bias"
편도,one-way trip
편리하다,to be convenient
편히,peacefully
펼쳐지다,"to be laid out, be unfolded, be spread"
평가,"rating, assessment, evaluation; critique; review"
평가하다,to assess
평균,an average
평생,a lifetime
평생직장,a lifetime job
평일,a weekday
평화,peace
평화롭다,To be peaceful
폐,lung
포근하다,"to be cozy, mild and snug"
포기하다,"to give up, abandon"
포도주,wine
포장마차,a street food stall/cart
포장하다,to pack and wrap
포크,fork
포함,inclusion
포함되다,to be included
포함하다,"to include, to contain"
폭력,violence
폭발물,explosives
폭포,waterfall
폭풍,storm
표시,"display, indication, expression, manifestation, mark, sign"
표시하다,"to show, manifest, express"
표정,a facial expression
표현,(verbal/non-verbal) expression
표현하다,"to express, give expression"
푸다,to scoop up
풀다,"to untie, to unfasten, to release"
풀리다,"to be solved, worked out, unraveled, relieved of symptoms"
풀어지다,"to soften, loosen"
풍부하다,"to be abundant, plentiful"
풍부한,plentiful
프랑스,France
프렛젤,pretzels
피구,dodge ball
피다,"to bloom, open up"
피로하다,to be fatigued
피망,bell pepper
피부,skin
피하다,"to avoid, avert"
피해,"damage, harm"
필름,film
필요,"necessity, need"
필자,author/writer
하나님,god
하나하나,one by one
하늘색,light blue
하루 종일,all day
하루에 한 번,once a day
하반기,second half of the year
하순,last ten days
하품,a yawn
학과,"a school subject or course, a curriculum"
학교식당,school cafeteria
학력,academic background
학생증,student id card
학위,an academic degree
학자,scholar
학점,academic credits
한가위,alternative word for Korean thanksgiving
한가하다,"to have free time, to not be busy"
한겨울,midwinter
한결,"remarkably, much more"
한계,"a boundary,a limit,"
한구석,"corner, nook, side, part"
한국,Korea
한낮,noon
한데,"one place, together"
한두,one or two
한둘,one or two
한때,"same time, temporarily"
한마디,a single word
한밤중,midnight
한번 도 안,not even once
한여름,midsummer
한잔하다,to have a drink and talk
한정하다,to restrict (sth to sth)
한참,for some time
한편,meanwhile
한평생,one's lifetime
한하다,to be limited
할부,installment payments
할인,discount
할인하다,to discount
핥다,to lick
함께가다,to accompany
합격,passing
합격하다,to pass a test
합하다,to add or total
항공,"a flight, an airline"
항공 우편,airmail
항공권,airline ticket
항공기,aircraft
항공료,Airfare
항공엽서,aerogram (air post card)
항공편,By airmail
항상,always
해결,solution
해결하다,to solve (problems)
해군,navy
해답,a solution (to a problem)
해롭다,to be harmful
해물,seafood
해병대,marines
해소하다,to settle matters
해수욕장,swimming beach
해커,hacker
핵,"nucleus, nuclear weapons, nuke"
핵심,core
핵에너지,nuclear energy
햄,ham
행동하다,to act
행복하게,happily
행복하다,to be happy
행사,event
행위,"act, action, deed"
행정보조원,administrative assistant
향,incense
향상되다,to be improved
향하다,"to look toward, to face, to head for"
허락,"permission, approval, consent"
허락하다,to permit
허벅지,thigh
혀,the tongue
현관문,a front door
현금,cash
현대,"modern times, today, our own day."
현상,a phenomenon
현실,reality
현실적,realistic
현장,"site (construction, accident, crime)"
현재,"now, present"
협력,"cooperation,collaboration"
협의회,"a consultation, discussion"
형광등,fluorescent bulb
형성,formation
형성되다,to be formed
형성하다,"to form, build"
형수,elder brother's wife
형식,"formality, convention"
형식적,formal
형용사,an adjective
형제,"siblings, brothers and sisters"
형태,"a physical form, shape"
호랑이,a tiger
호박,pumpkin
호실,room number
호주머니,a pocket
혹은,or
혼나다,"to have a bitter experience, have a hard time"
혼자,alone
혼잣말,talking to oneself
화가,artist
화려하다,"to be fancy, showy"
화면,a screen or canvas
화씨,Fahrenheit
화요일,Tuesday
화장지,toilet paper
화장하다,to do one's makeup
화제,topic of conversation
확대하다,"to magnify, enlarge, expand"
확립하다,to establish
확신,conviction
확신하다,to be convinced
확실하다,to be certain (about something)
확인하다,"to check, to confirm"
환갑,60th anniversary
환율,an exchange rate
환자,medical patient
환절기,change of seasons
활기,"vigor, vitality, energy"
활동,activity
활발히,briskly
활용하다,to make use of
활짝,"widely, extensively"
황소,ox
회계사,accountant
회복,recovery
회복되다,"to get better, recover (patients, economy)"
회복하다,to recover
회사,"a company, an office"
회사원,"an office worker, a salary man"
회색,Gray
회원,"member, membership"
회장,company president
회전,"turn, revolution, rotation"
회화,"conversation, talk, dialogue"
획득하다,to acquire
횟수,number of times
효과,"effects, effectiveness"
효과적,effective
효도,duty to ones parents
효도하다,to be a good son
효자,a dutiful son
후,after
후보,a candidate
후추,black pepper
후회,regret
후회하다,to regret
훈련,training
훈련하다,to train (someone)
훌륭하다,"to be outstanding,"
훨씬,by far
휠체어,wheelchair
흐려지다,To become cloudy
흐르다,"to flow, trickle"
흐름,"flow, stream"
흑백,black and white
흔들다,"to agitate, shake"
흔하다,to be common
흔히,"commonly, frequently"
흘리다,to spill
흡연하다,to smoke
흥미롭다,"to be interesting, exciting, attractive"
흥분,"excitement, agitation"
흥분하다,to be agitated or excited
희다,To be white
희망하다,to hope
희생,a sacrifice
희생자,a dead victim
희생하다,to sacrifice
흰색,white color
힘겹다,to be beyond one's ability
힘껏,with all one's strength
힘들어하다,to be hard-pressed/pushed to do something
설탕,sugar
가위,scissors
도착하다,to arrive
외국,a foreign country
안,inside
여권,a passport
걷다,to walk
손,a hand
맥주,beer
회의,"a meeting, a conference"
부모님,hon. parents
계획,"a plan, a project, a scheme"
약속,"an appointment, a promise"
되다,"to be, to become"
술,"liquor, alcoholic beverage"
우연히,"accidentally,by chance"
정보,"information, data"
아이,"a kid, a child"
노래,a song
만,"a gulf, a bay"
목소리,a voice
시간,"the time, mw. for hours"
택시,a taxi
행동,a behavior
여자,"a woman, female"
저녁,evening (not 밤)
강아지,a puppy
기다리다,"to wait for, to await, to expect, to look forward"
축구,"soccer, football"
제일,"best, most, first"
정말,"really, indeed"
벌다,to earn
시험,"a test, an exam"
한국어,the Korean Language
주말,the weekend
밤,"the night, the evening (not 저녁)"
생일,one's birthday
비행기,an airplane
집,"a home, a house"
놀다,"to hang out, to play"
아직,"still, so far, yet"
지진,an earthquake;
날씨,the weather
왼쪽,on the left side
은행,a bank
날,a day
뚜껑,"cover, lid (pen, pot, toothpaste, etc)"
도움,"help,aid,relief"
우산,an umbrella
울다,"to cry, to weep"
드리다,to give (honorific)
놓치다,"to miss (bus, plane, opportunity, chance), to lose"
편지,a letter
노래방,"a singing room, karaoke"
시작하다,"to start, to begin"
재미있다,"to be interesting, fun"
학교,a school
방,a room
열다,to open (something)
방학,"school holidays, a vacation"
벌,"bee, wasp, hornet, bumblebee"
미안하다,"to be sorry, to be regrettable (not 죄...)"
꽃,a flower
어둡다,"to be dark, dim, gloomy"
듣다,"To listen, or take a class"
근처,nearby
있다,"to be (existence), to have"
내리다,"to get off, to take off"
오른쪽,on the right side
부족하다,"to be insufficient, to be lacking"
괜찮다,"to be okay, to be good"
숙제,"homework, an assignment"
요즘,"these days, lately"
영어,the English language
이기다,to win
관심,"interest, concern"
물건,"a thing, an object"
소풍,"a picnic, an excursion"
창문,a window
지갑,"a purse, wallet"
수업,"a class, a lesson"
이름,a name
달,month (pure Korean)
도서관,a library
성격,"character, personality, nature"
푸르다,"To be blue, azure, green"
책,a book
얘기하다,to talk
동료,"a coworker, a colleague"
나중에,"after, later, subsequently"
모자라다,to be insufficient
끝,"the end, finish"
열쇠,a key
재미없다,"to be boring, uninteresting"
마흔,Forty
백,one hundred
태풍,a typhoon
외교관,a diplomat
권리,A right or  a claim to
씨앗,a seed
지구,The earth
지적하다,"To indicate,to point out"
고민,"trouble, worry, agony"
그래서,"so, therefore"
계산,"a calculation, bill"
속삭이다,"to whisper, murmur"
고발하다,"to accuse sb of sth, charge"
불만,"dissatisfaction, complaint"
민주,"democracy, popular rule"
토론자,"A debator, a disputant"
역사학,The study of history
매우,"very,exceedingly,remarkably."
참석하다,"to attend, participate in"
노력,"effort,hardwork,struggle"
계속되다,To continue
칼,"a knife, a blade"
보도,sidewalk
마지막,"the last, the end"
발표하다,"to announce, make public, present"
예술가,An artist
모자,a hat
상품,"Product, merchandise"
박물관,a museum
새벽,"Dawn, daybreak"
기차,a train
필요하다,"to need, be necessary"
미국,the United States
영국,United Kingdom (country)
러시아,Russia (country)
학생,a student
가수,a singer
신문,a newspaper
의사,a doctor
나라,a country
남편,a husband
은행원,a bank employee
공책,a notebook
아내,wife (my)
교실,a classroom
아버지,a father
의자,a chair
백화점,a department store
어머니,a mother
화장실,toilet
그리고,"And, also"
저기,over there
책상,a desk
건물,a building
공원,a park
기숙사,a dormitory
우체국,a post office
양말,socks
아들,a son
딸,a daughter
위층,The upper floor
연구,"study, research, investigation"
드시다,to eat (honorific)
예약,a reservation
예식장,a wedding hall
전화기,a phone
그림,a picture
질문,a question
벽,a wall
도시,a city
남동생,a younger brother
운동,"exercise, movement; campaign"
대학원,a graduate school
미인,a beautiful woman
쌓이다,"to be piled up, stacked up"
가르치다,to teach
남자,"a man, male"
젊은이,"a youngster, youth, lad"
주인,"a business owner, shop keeper"
친구,a friend
할머니,a grandmother
고모,an aunt (father's side)
삼촌,an uncle (father's side)
할아버지,a grandfather
결혼하다,To get married
손녀,a granddaughter
기자,"a reporter, a journalist"
변호사,a lawyer
간호사,a nurse
약사,a pharmacist
선생님,a teacher
주부,"a housewife, homemaker"
귀,an ear
얼굴,the face
입,the mouth
머리,"the head, hair"
눈,an eye
허리,the waist
어깨,a shoulder
무릎,a knee
등,the back
팔,an arm
이마,the forehead
몸,the body
발,a foot
코,the nose
절,a (buddhist) temple
미용실,"a beauty parlor, hair salon"
교회,a church
호텔,a hotel
설거지하다,to wash dishes
세수하다,to wash one's face
지도,"a map, guidance, directions"
입학,"entering into school, matriculation"
교과서,textbook
지우개,an eraser
곰,a bear
오전,"morning, A.M."
멀다,"to be far, distant"
길,"a road, a street"
이사하다,to move house
오후,"afternoon, P.M."
사과,an apple
작다,to be small
덥다,to be hot (used for weather)
학기,"semester, academic term"
짧다,to be short (in length)
포도,grape(s)
딸기,a strawberry
간식,"a light meal, a snack"
퇴근,"leaving work, getting off work"
번역,written translation
섬,an island
갈비,grilled beef ribs
재료,"material, ingredients"
부탁하다,"to ask a favor, to request"
가격,price (cost)
놀라다,"to be surprised, to be amazed"
사거리,"intersection (4 way), a crossroads"
떠나다,"To depart, leave"
날짜,a date
다가오다,to approach; come near
아까,some time ago; a moment ago
시인,a poet
음악,music
영하,below zero (temperature)
수박,a watermelon
쩔쩔매다,"to be at one ́s wit ́s end,be at a loss as to what to do"
